{
    "BatteryUnit.battery1": [
        0.6,
        0.5574069341511202,
        0.5148138683022404,
        0.4722208024533606,
        0.42962773660448084,
        0.38703467075560105,
        0.34444160490672127,
        0.3018485390578415,
        0.2592554732089617,
        0.2166624073600819,
        0.2,
        0.2,
        0.2,
        0.2,
        0.2,
        0.2,
        0.2,
        0.2,
        0.2,
        0.2,
        0.2,
        0.2,
        0.2,
        0.2,
        0.2,
        0.2,
        0.2,
        0.2,
        0.2,
        0.2,
        0.2,
        0.2,
        0.2,
        0.2,
        0.2,
        0.2,
        0.20374330357142859,
        0.2149732142857143,
        0.2299464285714286,
        0.25240625000000005,
        0.27860937500000005,
        0.3122991071428572,
        0.34973214285714294,
        0.3946517857142858,
        0.44705803571428576,
        0.49946428571428575,
        0.5518705357142858,
        0.6042767857142858,
        0.6566830357142858,
        0.7090892857142858,
        0.7614955357142857,
        0.8139017857142857,
        0.8663080357142857,
        0.9,
        0.9,
        0.9,
        0.9,
        0.9,
        0.9,
        0.9,
        0.9,
        0.9,
        0.9,
        0.9,
        0.9,
        0.9,
        0.9,
        0.9,
        0.9,
        0.9,
        0.9,
        0.9,
        0.9,
        0.9,
        0.9,
        0.9,
        0.9,
        0.9,
        0.9,
        0.9,
        0.9,
        0.8965286651333164,
        0.8858803986710965,
        0.8654112745549026,
        0.8262258979470144,
        0.7836328320981346,
        0.7410397662492548,
        0.698446700400375,
        0.6558536345514953,
        0.6132605687026155,
        0.5706675028537357,
        0.5280744370048559,
        0.4854813711559761,
        0.44288830530709633,
        0.40029523945821655,
        0.35770217360933676
    ],
    "BatteryUnit.battery2": [
        0.4,
        0.3716046227674135,
        0.343209245534827,
        0.3148138683022405,
        0.286418491069654,
        0.26635796880767826,
        0.24629744654570251,
        0.22729427336229677,
        0.2018084365505297,
        0.2,
        0.2,
        0.2,
        0.2,
        0.2,
        0.2,
        0.2,
        0.2,
        0.2,
        0.2,
        0.2,
        0.2,
        0.2,
        0.2,
        0.2,
        0.2,
        0.2,
        0.2,
        0.2,
        0.2,
        0.2,
        0.2,
        0.2,
        0.2,
        0.20499107142857145,
        0.2172071092514286,
        0.24024038741821432,
        0.2751778874182143,
        0.32322547579120536,
        0.3781272615054911,
        0.4480022615054911,
        0.5178772615054911,
        0.5877522615054911,
        0.6576272615054911,
        0.7275022615054911,
        0.7973772615054912,
        0.8672522615054912,
        0.9,
        0.9,
        0.9,
        0.9,
        0.9,
        0.9,
        0.9,
        0.9,
        0.9,
        0.9,
        0.9,
        0.9,
        0.9,
        0.9,
        0.9,
        0.9,
        0.9,
        0.9,
        0.9,
        0.9,
        0.9,
        0.9,
        0.9,
        0.9,
        0.9,
        0.9,
        0.9,
        0.9,
        0.9,
        0.9,
        0.9,
        0.9,
        0.9,
        0.9,
        0.9,
        0.9,
        0.9,
        0.9,
        0.8787034670755601,
        0.853419112076554,
        0.8250222433767783,
        0.7966268661441918,
        0.7682314889116052,
        0.7398361116790186,
        0.7114407344464321,
        0.6830453572138455,
        0.654649979981259,
        0.6262546027486724,
        0.5978592255160858,
        0.5694638482834993
    ],
    "BatteryUnit.battery3": [
        0.35,
        0.31805520061334014,
        0.2861104012266803,
        0.25416560184002046,
        0.21838620985603546,
        0.2000000001064827,
        0.2,
        0.2,
        0.2,
        0.2,
        0.2,
        0.2,
        0.2,
        0.2,
        0.2,
        0.2,
        0.2,
        0.2,
        0.2,
        0.2,
        0.2,
        0.2,
        0.2,
        0.2,
        0.2,
        0.2,
        0.2,
        0.2,
        0.2,
        0.2,
        0.2,
        0.2,
        0.2,
        0.2,
        0.2,
        0.2,
        0.2,
        0.2,
        0.2,
        0.2,
        0.2,
        0.2,
        0.2,
        0.2,
        0.2,
        0.2,
        0.2,
        0.2,
        0.2,
        0.2,
        0.2,
        0.2,
        0.2,
        0.2,
        0.2,
        0.2,
        0.2,
        0.2,
        0.2,
        0.2,
        0.2,
        0.2,
        0.2,
        0.2,
        0.2,
        0.2,
        0.2,
        0.2,
        0.2,
        0.2,
        0.2,
        0.2,
        0.2,
        0.2,
        0.2,
        0.2,
        0.2,
        0.2,
        0.2,
        0.2,
        0.2,
        0.2,
        0.2,
        0.2,
        0.2,
        0.2,
        0.2,
        0.2,
        0.2,
        0.2,
        0.2,
        0.2,
        0.2,
        0.2,
        0.2,
        0.2
    ],
    "BatteryUnit.battery4": [
        0.75,
        0.7116662407360081,
        0.6733324814720163,
        0.6349987222080244,
        0.5966649629440326,
        0.5583312036800407,
        0.5199974444160489,
        0.494441604906721,
        0.4561078456427292,
        0.43055200613340133,
        0.40499616662407345,
        0.37944032711474557,
        0.3538844876054177,
        0.3283286480960898,
        0.3027728085867619,
        0.27729957449527204,
        0.24764143070108174,
        0.21798328690689145,
        0.20000000008518604,
        0.2,
        0.2,
        0.2,
        0.2,
        0.2,
        0.2,
        0.2,
        0.2,
        0.2,
        0.2,
        0.2,
        0.2,
        0.2,
        0.2,
        0.2,
        0.2,
        0.2,
        0.20449196428571428,
        0.21347589285714286,
        0.2269517857142857,
        0.24491964285714285,
        0.2673794642857143,
        0.29433125,
        0.325775,
        0.3617107142857143,
        0.40213839285714287,
        0.4470580357142857,
        0.49646964285714285,
        0.5503732142857143,
        0.60876875,
        0.67165625,
        0.7345437499999999,
        0.7974312499999999,
        0.8603187499999999,
        0.89999999988425,
        0.89999999988425,
        0.89999999988425,
        0.89999999988425,
        0.89999999988425,
        0.89999999988425,
        0.89999999988425,
        0.89999999988425,
        0.89999999988425,
        0.89999999988425,
        0.89999999988425,
        0.89999999988425,
        0.89999999988425,
        0.9,
        0.9,
        0.9,
        0.9,
        0.9,
        0.9,
        0.9,
        0.9,
        0.9,
        0.9,
        0.9,
        0.9,
        0.9,
        0.9,
        0.9,
        0.9,
        0.8882206124882869,
        0.8670461937558566,
        0.8360218656188773,
        0.8104660261095493,
        0.7721322668455575,
        0.7337985075815656,
        0.6954647483175738,
        0.6571309890535819,
        0.6187972297895901,
        0.5804634705255982,
        0.5421297112616064,
        0.5037959519976145,
        0.46546219273362266,
        0.4271284334696308
    ],