{
    "1": [
        136.45985337260603,
        9.854730754036236,
        709.7472298920717,
        -824.9999986921781
    ],
    "2": [
        133.6274410282555,
        9.555727496343213,
        667.0272619625385,
        -824.9999896882233
    ],
    "3": [
        122.68594377469546,
        11.103150853420239,
        987.877976455875,
        -528.7199999999999
    ],
    "4": [
        120.86118215635656,
        11.872810343625845,
        1167.14893098457,
        -402.4249991605995
    ],
    "5": [
        125.60781952159729,
        15.989711938078571,
        1460.589751220433,
        -269.50003493014975
    ],
    "6": [
        116.85128024707771,
        15.875507796972503,
        1458.5600034738923,
        -190.29978354252665
    ],
    "7": [
        108.34549061220353,
        17.03205982541372,
        1617.5202456695179,
        -15.600070820621637
    ],
    "8": [
        109.8940773142505,
        17.563388024844244,
        1680.2219284759153,
        8.24999978085905
    ],
    "9": [
        102.86391327878428,
        16.21037205405882,
        1573.0451799208709,
        8.249570401095284
    ],
    "10": [
        99.12690855069145,
        15.466127769846596,
        1516.3003867971222,
        8.249999903330734
    ],
    "11": [
        97.31635092821689,
        15.288542905844972,
        1489.022545280275,
        8.249998142142939
    ],
    "12": [
        98.23608176002983,
        15.32276471382377,
        1502.7915797157848,
        8.249999995414967
    ],
    "13": [
        96.8826344095323,
        15.394840252363304,
        1482.7317507304679,
        8.249999999985304
    ],
    "14": [
        98.23608176002983,
        15.32276471382377,
        1502.7915797157848,
        8.249999995414967
    ],
    "15": [
        99.03953944061854,
        15.380415469045733,
        1514.8588333986224,
        8.249999902029433
    ],
    "16": [
        96.5721795181573,
        15.282863862960788,
        1477.9215676275046,
        8.249999999632122
    ],
    "17": [
        93.4805107041085,
        14.650741449621922,
        1430.8043351390186,
        8.249999999749251
    ],
    "18": [
        89.18262382207539,
        14.852696428544727,
        1437.5681854669483,
        51.64291974418315
    ],
    "19": [
        87.33792451739112,
        15.270097296962856,
        1450.5655338774047,
        76.147219570669
    ],
    "20": [
        84.25698098442707,
        15.903216612732693,
        1472.6303094843365,
        117.35687141923523
    ],
    "21": [
        83.39478640530231,
        15.900338570255826,
        1461.8027057874701,
        118.60754550715752
    ],
    "22": [
        82.65248764892677,
        15.222702072681184,
        1422.0073458783006,
        101.6056198960645
    ],
    "23": [
        75.62425662358426,
        15.663292244313945,
        1469.9590060958556,
        195.15312820500168
    ],
    "24": [
        79.99974633341354,
        11.786256214134376,
        1096.3113377674424,
        -71.05648183045241
    ],
    "25": [
        82.48415216227461,
        10.31752736668907,
        859.8044968054497,
        -237.92729992833614
    ],
    "26": [
        77.22500562830433,
        10.992347438422707,
        1000.9262680602384,
        -103.4774926501203
    ],
    "27": [
        72.73078386685867,
        12.077828031294823,
        1115.1921443124677,
        6.999319109782331
    ],
    "28": [
        75.80992886428564,
        12.15969879072754,
        1163.3264444322142,
        8.249999999566143
    ],
    "29": [
        72.7229648905925,
        12.094740949124482,
        1117.1138934250096,
        8.249719684814274
    ],
    "30": [
        74.44521501445819,
        12.182058191730276,
        1142.924157450657,
        8.2497016401256
    ],
    "31": [
        71.77895259032388,
        12.003004012006649,
        1102.893938283741,
        8.249723982436427
    ],
    "32": [
        66.30252845912551,
        11.167691856911842,
        1022.8362225100395,
        15.928571127469304
    ],
    "33": [
        58.828679827427074,
        10.998694690455281,
        998.2882932684531,
        146.0478398728638
    ],
    "34": [
        63.17191624066369,
        8.578661192024928,
        679.5182921321326,
        24.007026559018385
    ],
    "35": [
        67.5180512909364,
        8.619866376775043,
        355.48352565604597,
        -85.63992832704912
    ],
    "36": [
        66.66476333377467,
        8.414331829787123,
        296.4038642180548,
        18.26148570996393
    ],
    "37": [
        65.98075581504375,
        8.25600388381511,
        188.73477487536567,
        92.01329290766105
    ],
    "38": [
        60.24788064590019,
        9.14424920470172,
        243.6486082988395,
        327.01171449790917
    ],
    "39": [
        57.125722658706806,
        10.546294369813369,
        64.68446658952031,
        389.09505538945393
    ],
    "40": [
        55.42908302531959,
        13.419338791325776,
        75.92905896282511,
        547.1294010123981
    ],
    "41": [
        51.13308135171637,
        13.965701737427418,
        59.35158959820196,
        721.1816214285752
    ],
    "42": [
        50.245826062587355,
        15.56528633996585,
        7.927965415956932,
        825.0000004451705
    ],
    "43": [
        53.43342342457977,
        16.69150817296927,
        -222.5485737122301,
        788.7064325052404
    ],
    "44": [
        52.26552801358425,
        18.96896966289594,
        -385.2615584064484,
        825.0000000000066
    ],
    "45": [
        52.422925925975115,
        21.51893017902668,
        -574.6240852817368,
        825.0000029568531
    ],
    "46": [
        52.01497880757151,
        24.14648395507044,
        -760.5438486247286,
        825.0000035030988
    ],
    "47": [
        53.06867314655691,
        27.105833743598986,
        -920.7055028585132,
        825.0000053572542
    ],
    "48": [
        52.84362153493839,
        30.652778556571366,
        -1095.62221487291,
        818.1137065734947
    ],
    "49": [
        60.089611585490324,
        41.52467033348373,
        -1615.749762545257,
        519.7200050844956
    ],
    "50": [
        62.76584091483127,
        50.29623860437869,
        -1924.849873439217,
        377.0002723058918
    ],
    "51": [
        62.47188305715189,
        55.45516322595379,
        -2134.786312241832,
        326.8161995483606
    ],
    "52": [
        64.47661206114684,
        59.72444635208921,
        -2316.8357669253905,
        255.75002350617734
    ],
    "53": [
        67.12849060722718,
        67.66951399914925,
        -2618.8557353376737,
        107.2499798361002
    ],
    "54": [
        68.79301640448331,
        71.62954503354155,
        -2746.5442047061047,
        61.42007057436253
    ],
    "55": [
        69.24558844183832,
        76.84257137557853,
        -2895.9757524876677,
        7.250000598001726
    ],
    "56": [
        70.76215067165568,
        77.68871858179975,
        -2909.1777605747484,
        8.25000041149846
    ],
    "57": [
        72.65248385564739,
        79.03042708447978,
        -2923.021405873729,
        8.250000565893718
    ],
    "58": [
        72.75133042778148,
        79.94649563877938,
        -2950.220149151981,
        8.25000035198904
    ],
    "59": [
        73.44730844104664,
        79.38657200692165,
        -2944.4183646265055,
        8.250000957897889
    ],
    "60": [
        77.06998648724424,
        76.52525137434442,
        -2861.9099662515364,
        8.250000995769607
    ],
    "61": [
        78.69993621125627,
        75.07994915675384,
        -2817.4589425165914,
        8.250000836886855
    ],
    "62": [
        81.53238495755681,
        71.88874001243823,
        -2730.745488837883,
        8.250000154198638
    ],