{
    "1": [
        25.03658698478706,
        0.36222815694022004,
        280.9587237760757,
        -57.14506601051541
    ],
    "2": [
        24.5447340954942,
        0.34702936514259913,
        273.60158539054544,
        -57.14505893796493
    ],
    "3": [
        24.05282226770983,
        0.33220489883621657,
        266.2441783053485,
        -57.14505187905599
    ],
    "4": [
        24.29878554962892,
        0.33957034123243085,
        269.9229154138945,
        -57.145055406804595
    ],
    "5": [
        25.791166543195637,
        0.4100989531779621,
        319.5410349887166,
        -40.37153667807429
    ],
    "6": [
        24.25582917992587,
        0.36214874899525323,
        300.032192592571,
        -38.24364016393621
    ],
    "7": [
        23.64124008058345,
        0.3255307703444136,
        269.6118101326216,
        -51.2897456553685
    ],
    "8": [
        23.96679135275909,
        0.3552904496558558,
        298.18867496827636,
        -36.71952322507808
    ],
    "9": [
        21.554627388753914,
        0.34773401420385586,
        315.96886283353166,
        -3.639473867981727
    ],
    "10": [
        20.656656285337576,
        0.333765714800423,
        311.73949414912124,
        2.0000101525894705
    ],
    "11": [
        20.164698624036028,
        0.318145010973514,
        304.38003054669144,
        2.0000099346585496
    ],
    "12": [
        20.410684821451234,
        0.32590856284878317,
        308.059795981273,
        2.0000100435796857
    ],
    "13": [
        19.918697691137936,
        0.3104750585451292,
        300.7001979107966,
        2.000009825826099
    ],
    "14": [
        20.410684821451234,
        0.32590856284878317,
        308.059795981273,
        2.0000100435796857
    ],
    "15": [
        20.656656285337576,
        0.333765714800423,
        311.73949414912124,
        2.0000101525894705
    ],
    "16": [
        19.918697691137936,
        0.3104750585451292,
        300.7001979107966,
        2.000009825826099
    ],
    "17": [
        19.371976195173197,
        0.2937658303080758,
        292.5225513440856,
        2.000009584293938
    ],
    "18": [
        18.79784030583669,
        0.27671860865858844,
        283.93566506637734,
        2.0000093311572136
    ],
    "19": [
        18.497070439581847,
        0.2679924899242468,
        279.43762610117767,
        2.00000919875494
    ],
    "20": [
        18.05954769788133,
        0.2555495549749403,
        272.8948446538321,
        2.000009006407054
    ],
    "21": [
        17.786072331827718,
        0.247922944301905,
        268.8054982784317,
        2.0000088863325
    ],
    "22": [
        17.62197837851527,
        0.24340244476596293,
        266.35185059364505,
        2.000008814340552
    ],
    "23": [
        16.71934454559669,
        0.21928330736073987,
        252.85625386059533,
        2.0000084190929908
    ],
    "24": [
        16.128422372451805,
        0.20417765335919624,
        244.02228246821858,
        2.0000081610350904
    ],
    "25": [
        15.734427087822048,
        0.19440674270071195,
        238.13275289336974,
        2.0000079892823606
    ],
    "26": [
        15.340394067981295,
        0.18487545307255396,
        232.2430509745506,
        2.0000078177585134
    ],
    "27": [
        14.946323310404978,
        0.17558378480460357,
        226.35317674516315,
        2.000007646463716
    ],
    "28": [
        15.734427087822048,
        0.19440674270071195,
        238.13275289336974,
        2.0000079892823606
    ],
    "29": [
        14.946323310404978,
        0.17558378480460357,
        226.35317674516315,
        2.000007646463716
    ],
    "30": [
        15.340394067981295,
        0.18487545307255396,
        232.2430509745506,
        2.0000078177585134
    ],
    "31": [
        14.749273780204481,
        0.1710278088717483,
        223.40817498049614,
        2.00000756090226
    ],
    "32": [
        13.517704026272385,
        0.1534328691843416,
        205.0191775501082,
        2.000004235701432
    ],
    "33": [
        12.267191171195396,
        0.1395913047968868,
        181.38501155370534,
        14.285195390472822
    ],
    "34": [
        11.972821014547552,
        0.15055693498467815,
        172.65351775150904,
        34.96438816050626
    ],
    "35": [
        11.271369507408158,
        0.1755656252922786,
        167.76937175021015,
        65.9258393277874
    ],
    "36": [
        10.65599414683925,
        0.22098000153831143,
        168.47365792954045,
        99.99897416654466
    ],
    "37": [
        9.942737982950792,
        0.2840566581107903,
        173.35363210430745,
        137.52391058679206
    ],
    "38": [
        9.608163312476874,
        0.3620915764970838,
        149.2664051423716,
        157.14256792587736
    ],
    "39": [
        8.268476002887208,
        0.4555243386365097,
        149.5339819542269,
        200.00000000255687
    ],
    "40": [
        8.961226496503997,
        0.5820030001136449,
        112.95186795109313,
        200.00000000568326
    ],
    "41": [
        9.167716510731314,
        0.7591363703955191,
        66.48311977146675,
        200.00000001060593
    ],
    "42": [
        9.499610889117152,
        0.9658488618505172,
        27.47831454975205,
        200.00000001682608
    ],
    "43": [
        9.849141509504758,
        1.2315772584906206,
        -13.698508199731865,
        200.00000002561404
    ],
    "44": [
        10.004176268389962,
        1.5192964977599144,
        -54.428967396415466,
        200.00000003607846
    ],
    "45": [
        9.974251069710249,
        1.8301823940093758,
        -95.83510825113959,
        200.00000004831784
    ],
    "46": [
        12.898066562603303,
        3.030833176503663,
        -261.8799972537095,
        93.73234604773785
    ],
    "47": [
        15.616802470298742,
        4.595707514548873,
        -406.14211423752954,
        2.0
    ],
    "48": [
        15.610771177128434,
        5.096821184312405,
        -440.32993813868114,
        2.0
    ],
    "49": [
        15.388053064519497,
        5.614202543121417,
        -477.0668796097076,
        2.0
    ],
    "50": [
        15.20876019878884,
        6.051137115480648,
        -506.6963911661129,
        1.9999999999999996
    ],
    "51": [
        14.849582273670135,
        6.5143428410072435,
        -539.4947568880588,
        1.9999999999999996
    ],
    "52": [
        14.727281053617734,
        6.893452934020458,
        -563.0299603570489,
        2.0000000000000004
    ],
    "53": [
        14.659620779857692,
        7.303319613496607,
        -586.8308442653398,
        1.9999999999999998
    ],
    "54": [
        14.693627546350962,
        7.625310694247183,
        -603.78974411095,
        2.0000000000000004
    ],
    "55": [
        14.502423380387384,
        7.920058812291168,
        -622.230470296627,
        2.0000000000000004
    ],
    "56": [
        14.772313505962208,
        8.071374738239687,
        -626.2088146526524,
        2.0
    ],
    "57": [
        15.18915931937456,
        8.239441612938629,
        -628.8271047000768,
        2.0
    ],
    "58": [
        15.187985719833113,
        8.361418360331042,
        -635.1098918080166,
        2.0
    ],
    "59": [
        15.403989977746662,
        8.372646228719102,
        -632.5257651927296,
        2.0
    ],
    "60": [
        16.01214390812599,
        8.238539344070375,
        -616.7138570201038,
        2.0
    ],
    "61": [
        16.39915677056847,
        8.143281323268258,
        -606.0804117948683,
        1.9999999999999998
    ],
    "62": [
        17.026023425887796,
        7.9400314489877895,
        -586.1704484825594,
        2.0
    ],
    "63": [
        17.174938889694868,
        7.719456083156172,
        -572.2410637279381,
        2.0
    ],