{
    "1": [
        36.645401270981296,
        0.6444133426879664,
        442.8743648983575,
        -64.28887616019097
    ],
    "2": [
        35.913273673186495,
        0.6174521682841674,
        431.9161164347514,
        -64.2888502519555
    ],
    "3": [
        35.181090995055946,
        0.591149907638551,
        420.9581210612332,
        -64.28882438528692
    ],
    "4": [
        35.547189218889635,
        0.604218683902588,
        426.43708711567757,
        -64.2888373134241
    ],
    "5": [
        38.47547924826156,
        0.7147000389509285,
        470.27109425412016,
        -64.28894111250675
    ],
    "6": [
        36.27934435748886,
        0.6308503843498595,
        437.39520902252275,
        -64.28886320087857
    ],
    "7": [
        34.21052960410347,
        0.5866612063432548,
        441.30229302149763,
        -42.859548440823225
    ],
    "8": [
        35.913273673186495,
        0.6174521682841674,
        431.9161164347514,
        -64.2888502519555
    ],
    "9": [
        33.11218588830249,
        0.5469990861303358,
        424.863871747912,
        -42.85952520524671
    ],
    "10": [
        32.013718258954334,
        0.5088192910911761,
        408.42601895290034,
        -42.859502026017935
    ],
    "11": [
        31.281337674830898,
        0.48418936014484876,
        397.46776603975763,
        -42.85948660452274
    ],
    "12": [
        31.647534849210544,
        0.49642201548332,
        402.94686095868553,
        -42.859494312136995
    ],
    "13": [
        30.91512673577677,
        0.47212132188216965,
        391.9887342133157,
        -42.85947890317676
    ],
    "14": [
        31.647534849210544,
        0.49642201548332,
        402.94686095868553,
        -42.859494312136995
    ],
    "15": [
        32.00980971901429,
        0.5089132899204202,
        408.5930107974,
        -42.72096695259818
    ],
    "16": [
        31.10917535150155,
        0.46912093412281497,
        383.6976484769208,
        -49.73930359935388
    ],
    "17": [
        30.219610515976175,
        0.4441003546412618,
        374.7570910944899,
        -47.05506308480643
    ],
    "18": [
        28.888366758144336,
        0.42840405117848396,
        382.33903478267285,
        -30.159698076527203
    ],
    "19": [
        27.58904638495758,
        0.46304200712046084,
        412.03281403401974,
        -1.428891480041758e-07
    ],
    "20": [
        26.895051477096917,
        0.4447704358663374,
        404.1088940538648,
        1.5000169132503418
    ],
    "21": [
        26.488080214993847,
        0.4314453782008953,
        398.02012826443024,
        1.500016666130176
    ],
    "22": [
        26.24388930151244,
        0.4235478823515221,
        394.3669061191538,
        1.5000165179561273
    ],
    "23": [
        24.900729952901084,
        0.3814191013578074,
        374.2746841310042,
        1.500015704313957
    ],
    "24": [
        24.021470936459444,
        0.35504167963633304,
        361.1238693562317,
        1.500015172953927
    ],
    "25": [
        23.435254234390765,
        0.3379830774836576,
        352.35686059290043,
        1.500014819244233
    ],
    "26": [
        22.849002317192593,
        0.32134546482445553,
        343.5900125844225,
        1.5000144659589878
    ],
    "27": [
        22.26271518692773,
        0.305128765358014,
        334.8233253066722,
        1.5000141130983584
    ],
    "28": [
        23.435254234390765,
        0.3379830774836576,
        352.35686059290043,
        1.500014819244233
    ],
    "29": [
        22.26271518692773,
        0.305128765358014,
        334.8233253066722,
        1.5000141130983584
    ],
    "30": [
        22.849002317192593,
        0.32134546482445553,
        343.5900125844225,
        1.5000144659589878
    ],
    "31": [
        21.96955841835968,
        0.2971782320644668,
        330.4400418992022,
        1.5000139368273238
    ],
    "32": [
        20.702474314843844,
        0.2626307501630215,
        301.87381837832953,
        1.500014389230117
    ],
    "33": [
        19.76990702301695,
        0.20943932345232458,
        242.84790054604773,
        1.5000145010692238
    ],
    "34": [
        20.216087978317603,
        0.20019232771226908,
        190.8908938682703,
        1.5000150235590235
    ],
    "35": [
        20.477612607866977,
        0.22488465771593852,
        125.94179257470387,
        1.5000155234213717
    ],
    "36": [
        20.750774834048922,
        0.300963117691496,
        74.79551922326917,
        10.71394975256756
    ],
    "37": [
        20.98054693975086,
        0.41743384295988156,
        25.509431820662225,
        21.42804725798548
    ],
    "38": [
        21.010047418435484,
        0.5921766933427425,
        -35.009032126932915,
        32.14226782906451
    ],
    "39": [
        20.492425802889247,
        0.8064294677281597,
        -100.7706654993859,
        42.85658149684651
    ],
    "40": [
        21.264158392219755,
        1.0639095254384634,
        -144.59924034103562,
        53.57099018436209
    ],
    "41": [
        21.27479424176744,
        1.3767713793253729,
        -203.22248197184717,
        64.28544239216122
    ],
    "42": [
        21.48394782428341,
        1.6956633319689072,
        -250.53550465961948,
        74.99992536164237
    ],
    "43": [
        21.721177695947233,
        2.072816245064104,
        -301.2414765266381,
        85.71441400331571
    ],
    "44": [
        21.655293727861217,
        2.4608604001890466,
        -351.11708005786863,
        96.42887615971912
    ],
    "45": [
        21.30092001909908,
        2.865871115862263,
        -401.8874513517216,
        107.14328861904046
    ],
    "46": [
        20.916547197879225,
        3.277538153225784,
        -449.1873871502149,
        117.85763108430399
    ],
    "47": [
        20.868744583390974,
        3.709018774069363,
        -490.7472467151815,
        128.57188277748722
    ],
    "48": [
        20.561397106300593,
        4.129194897947839,
        -530.7748953734582,
        139.28601273226528
    ],
    "49": [
        19.915658058152143,
        4.568882312791314,
        -574.522010673636,
        149.99999992546196
    ],
    "50": [
        19.63942039337702,
        4.9400287937111855,
        -620.2334504847923,
        149.99999991339988
    ],
    "51": [
        19.082311785548416,
        5.341673204205057,
        -670.6547934487633,
        149.9999998987028
    ],
    "52": [
        18.894864818605832,
        5.669238245507318,
        -707.0001433630478,
        149.99999988636887
    ],
    "53": [
        20.350042723117387,
        6.135525330101424,
        -810.3826044882863,
        94.64818095200594
    ],
    "54": [
        23.017431706541842,
        6.917057013786238,
        -948.3450441590161,
        1.499999666511737
    ],
    "55": [
        22.72071009140955,
        7.207486395795719,
        -976.6875954121151,
        1.4999996624184408
    ],
    "56": [
        23.14405531622102,
        7.339388905657136,
        -983.1734781504773,
        1.4999996572730285
    ],
    "57": [
        23.797410616033908,
        7.48015803048769,
        -987.728884756585,
        1.499999650609266
    ],
    "58": [
        23.79657210065016,
        7.59671883629329,
        -997.4642201876146,
        1.4999996482887834
    ],
    "59": [
        24.134524692457703,
        7.5970908874745176,
        -993.7182501479754,
        1.4999996462956593
    ],
    "60": [
        25.084708593028978,
        7.440559228136201,
        -969.9406775894028,
        1.4999996438397392
    ],
    "61": [
        25.689339662909386,
        7.332123199093412,
        -953.92319060517,
        1.4999996424595834
    ],
    "62": [
        26.66837812746247,
        7.111224309293475,
        -923.8140122175398,
        1.4999996411416594
    ],