{
    "1": [
        18.270772691425194,
        0.35706631972087255,
        203.3062248356058,
        -42.85724839004971
    ],
    "2": [
        17.913092986072208,
        0.3406679429426977,
        197.94779353518103,
        -42.85716571393916
    ],
    "3": [
        17.55534231298839,
        0.3247960959218649,
        192.58916893378895,
        -42.85708308186495
    ],
    "4": [
        17.881620873017408,
        0.32725960249977587,
        189.09923215400588,
        -48.00098968802654
    ],
    "5": [
        18.641257358991396,
        0.4709463220444236,
        238.56872120233956,
        -24.6680516015035
    ],
    "6": [
        16.85803274398441,
        0.5833874010830263,
        252.25140319546304,
        -1.4289106023959117e-07
    ],
    "7": [
        16.114260703617948,
        0.5438639058619155,
        242.7440015985076,
        1.0000629235528566
    ],
    "8": [
        16.649862126866395,
        0.5804337619961362,
        250.7885191787589,
        1.0000649901219447
    ],
    "9": [
        15.578499656895142,
        0.5084835181665186,
        234.6990510415138,
        1.0000608585409667
    ],
    "10": [
        15.042578950326012,
        0.47429264267281224,
        226.6536670489783,
        1.0000587950850923
    ],
    "11": [
        14.685209761679948,
        0.45215958818559987,
        221.28983668384768,
        1.0000574203117167
    ],
    "12": [
        14.863903227883418,
        0.4631600281365895,
        223.97177601475332,
        1.000058107612046
    ],
    "13": [
        14.506498546526343,
        0.44129132448722475,
        218.60784920347876,
        1.000056733184059
    ],
    "14": [
        14.863903227883418,
        0.4631600281365895,
        223.97177601475332,
        1.000058107612046
    ],
    "15": [
        15.042578950326012,
        0.47429264267281224,
        226.6536670489783,
        1.0000587950850923
    ],
    "16": [
        14.506498546526343,
        0.44129132448722475,
        218.60784920347876,
        1.000056733184059
    ],
    "17": [
        14.10929897057503,
        0.41761286033672934,
        212.64770411786586,
        1.0000552068517117
    ],
    "18": [
        13.692145070934684,
        0.39345299484117147,
        206.3892951116234,
        1.0000536051197282
    ],
    "19": [
        13.473597309479388,
        0.38108504435514895,
        203.1109758470782,
        1.0000527664919703
    ],
    "20": [
        13.15566230650639,
        0.3634478003408286,
        198.34238250426188,
        1.0000515471294429
    ],
    "21": [
        12.95692442936544,
        0.35263668060581926,
        195.36193399900887,
        1.0000507853044218
    ],
    "22": [
        12.837671178470117,
        0.346228345230714,
        193.57363622766678,
        1.0000503283114945
    ],
    "23": [
        12.181637187808278,
        0.31203272379140445,
        183.73761371978347,
        1.0000478162183453
    ],
    "24": [
        11.752103790999167,
        0.29061255071362907,
        177.299137002076,
        1.0000461731920547
    ],
    "25": [
        11.465691332830058,
        0.2767554899626093,
        173.00666396485332,
        1.0000450783915598
    ],
    "26": [
        11.179233380388506,
        0.2632368815205116,
        168.71406664623112,
        1.0000439840311595
    ],
    "27": [
        10.892729927368547,
        0.2500567325197813,
        164.42134500786466,
        1.000042890110683
    ],
    "28": [
        11.465691332830058,
        0.2767554899626093,
        173.00666396485332,
        1.0000450783915598
    ],
    "29": [
        10.892729927368547,
        0.2500567325197813,
        164.42134500786466,
        1.000042890110683
    ],
    "30": [
        11.179233380388506,
        0.2632368815205116,
        168.71406664623112,
        1.0000439840311595
    ],
    "31": [
        10.749461136762752,
        0.24359358283249774,
        162.27493753143995,
        1.0000423433153631
    ],
    "32": [
        10.07565131479833,
        0.24114983855395725,
        152.22628579841611,
        1.0000435330464585
    ],
    "33": [
        9.55934980458185,
        0.22585004142209034,
        129.3329001003337,
        1.0000434288964848
    ],
    "34": [
        9.724033624562571,
        0.23612300783023882,
        110.10639170250214,
        1.0000444587100317
    ],
    "35": [
        9.790073530967225,
        0.2595635503175873,
        85.5498015369204,
        1.0000451256062206
    ],
    "36": [
        9.986676297761747,
        0.30834609816115005,
        62.52138394504721,
        1.000046382335321
    ],
    "37": [
        10.182749708765751,
        0.37617931757061035,
        39.51570609308664,
        1.0000476496627304
    ],
    "38": [
        10.274315052816211,
        0.4694276179515589,
        11.835329769128053,
        1.0000485290769159
    ],
    "39": [
        10.102944272452097,
        0.5723851237796743,
        -18.831887683823055,
        1.0000482715838783
    ],
    "40": [
        10.559544723434515,
        0.7161176883268318,
        -38.74919356665125,
        1.0000507265352956
    ],
    "41": [
        10.643765715893407,
        0.8741586554295612,
        -65.71186642616028,
        1.0000516118178764
    ],
    "42": [
        10.8316594239761,
        1.0379251444122077,
        -87.96210146571988,
        1.0000529005233145
    ],
    "43": [
        11.029757138317,
        1.2302186637221617,
        -111.4608976491594,
        1.0000542735746296
    ],
    "44": [
        11.085521629436961,
        1.4218804310832218,
        -135.1775489248825,
        1.0000550095293277
    ],
    "45": [
        11.004327626892497,
        1.6158989042960457,
        -159.750531029561,
        1.0000551463740517
    ],
    "46": [
        10.912023074810499,
        1.8121041767689041,
        -183.03923953822576,
        1.0000552186551133
    ],
    "47": [
        10.98362909838996,
        2.023871644109628,
        -203.5136725104793,
        1.0000559967474842
    ],
    "48": [
        10.934089574917635,
        2.2249073472850833,
        -223.86237459486236,
        1.0000562239457982
    ],
    "49": [
        10.721505119033756,
        2.4284693599921514,
        -246.245720683197,
        1.000055756699199
    ],
    "50": [
        10.550448296517667,
        2.601168281271468,
        -264.29978920213904,
        1.0000553904117617
    ],
    "51": [
        10.24260386207686,
        2.781647469738,
        -284.6678208303633,
        1.0000544571662369
    ],
    "52": [
        10.121784666510687,
        2.933040572674993,
        -298.96336071113217,
        1.0000542470010683
    ],
    "53": [
        10.041060289346442,
        3.098146316305725,
        -313.28886162254395,
        1.0000542272372843
    ],
    "54": [
        10.044317468310984,
        3.229497184366281,
        -323.30258235139684,
        1.0000544914224758
    ],
    "55": [
        9.879402854560421,
        3.3461137400958894,
        -334.7319114733523,
        1.0000540186985938
    ],
    "56": [
        10.073620944871609,
        3.4121260599306154,
        -336.46208159087763,
        1.0000549576658397
    ],
    "57": [
        10.378102534255577,
        3.487598222521309,
        -337.035566978781,
        1.0000563759857117
    ],
    "58": [
        10.36919005747723,
        3.537153552435949,
        -340.7788969231165,
        1.000056429968071
    ],
    "59": [
        10.532008726014002,
        3.545524466151409,
        -338.7300104860042,
        1.0000571287316231
    ],
    "60": [
        11.001307799167112,
        3.502356719881137,
        -327.8788515518689,
        1.0000590191886203
    ],
    "61": [
        11.300661540782125,
        3.4713548959268636,
        -320.6332462184461,
        1.000060218768409
    ],