{
    "1": [
        25.61406243209232,
        0.4678584710175751,
        266.5296011111798,
        -71.43178618251008
    ],
    "2": [
        25.11057988440004,
        0.44714721574778243,
        259.0036681029656,
        -71.42801145529542
    ],
    "3": [
        24.615228145575863,
        0.4272618343724788,
        251.5867491830234,
        -71.42802335901622
    ],
    "4": [
        24.86291230881586,
        0.4371244813064398,
        255.29520240850246,
        -71.42801740634141
    ],
    "5": [
        26.85239125239456,
        0.5220270188885648,
        285.07896774766886,
        -71.43186069422576
    ],
    "6": [
        25.358230871690044,
        0.45733005071548527,
        262.7121463028145,
        -71.42800550587768
    ],
    "7": [
        24.36752739439936,
        0.4175592684560713,
        247.8783084290921,
        -71.42802931332051
    ],
    "8": [
        25.11057988440004,
        0.44714721574778243,
        259.0036681029656,
        -71.42801145529542
    ],
    "9": [
        23.507711453077675,
        0.3909309450686714,
        241.69590531145803,
        -67.31787408614684
    ],
    "10": [
        21.652613961019348,
        0.4372641964264685,
        278.0982938817676,
        -27.942831799859064
    ],
    "11": [
        20.32570389411749,
        0.5437206148054453,
        305.9338951558931,
        1.2500173012461764
    ],
    "12": [
        20.573314974650778,
        0.5569927395505588,
        309.6469753314159,
        1.2500175015031147
    ],
    "13": [
        20.078076114523274,
        0.5306088681635044,
        302.2208286507405,
        1.250017101278159
    ],
    "14": [
        20.573314974650778,
        0.5569927395505588,
        309.6469753314159,
        1.2500175015031147
    ],
    "15": [
        20.82090935627327,
        0.5704252557989414,
        313.3600691796958,
        1.2500177020488483
    ],
    "16": [
        20.078076114523274,
        0.5306088681635044,
        302.2208286507405,
        1.250017101278159
    ],
    "17": [
        19.527732375159307,
        0.5020457890462814,
        293.96961856323173,
        1.2500166579397567
    ],
    "18": [
        18.94978270001331,
        0.4729067280919571,
        285.30592032534076,
        1.250016193971977
    ],
    "19": [
        18.647010874469686,
        0.45799174707768836,
        280.7678221576593,
        1.2500159515703122
    ],
    "20": [
        18.206570964249803,
        0.4367246758201659,
        274.1669882545993,
        1.2500155997586646
    ],
    "21": [
        17.93126922181067,
        0.42368999678162145,
        270.04148878809684,
        1.2500153803416274
    ],
    "22": [
        17.766078282190797,
        0.4159641533928259,
        267.5661970934136,
        1.2500152488632708
    ],
    "23": [
        16.85739546625972,
        0.3747450483113013,
        253.9521998942177,
        1.2500145280380404
    ],
    "24": [
        16.26249971028291,
        0.3489316138972531,
        245.04131773463533,
        1.2500140583399484
    ],
    "25": [
        15.865849112202309,
        0.33223523983564657,
        239.10077252587357,
        1.2500137461384173
    ],
    "26": [
        15.469155773974752,
        0.3159488676360882,
        233.16026151767602,
        1.250013434681867
    ],
    "27": [
        15.07241969602774,
        0.30007245301343477,
        227.2197846575698,
        1.2500131239707775
    ],
    "28": [
        15.865849112202309,
        0.33223523983564657,
        239.10077252587357,
        1.2500137461384173
    ],
    "29": [
        15.07241969602774,
        0.30007245301343477,
        227.2197846575698,
        1.2500131239707775
    ],
    "30": [
        15.469155773974752,
        0.3159488676360882,
        233.16026151767602,
        1.250013434681867
    ],
    "31": [
        14.874035629371086,
        0.29228796253484846,
        224.24955903435497,
        1.2500129688949257
    ],
    "32": [
        14.072995328807032,
        0.2625298416590245,
        212.25880329997207,
        1.250009874535597
    ],
    "33": [
        13.258481577383122,
        0.2032579483781287,
        183.49852855229054,
        1.250004681848325
    ],
    "34": [
        13.457178431624115,
        0.17047966740351128,
        159.83416014340273,
        1.249993728365807
    ],
    "35": [
        13.519110921805012,
        0.14566587399511235,
        129.36659123661062,
        1.2499938030037343
    ],
    "36": [
        13.545411307335636,
        0.14597712328654264,
        110.34177629774302,
        8.928570801066439
    ],
    "37": [
        13.283990924921415,
        0.1586602268622131,
        103.57844685004936,
        26.78571311043539
    ],
    "38": [
        13.126514026098059,
        0.1717238625210418,
        79.97221177879463,
        35.71410916492385
    ],
    "39": [
        12.352989213395855,
        0.19091153453161205,
        62.761604709060684,
        53.569537402576636
    ],
    "40": [
        12.706693842785166,
        0.22885332557552276,
        49.64116700127609,
        62.49825387097398
    ],
    "41": [
        12.289552818251035,
        0.2702861542277128,
        37.594785476466164,
        80.35600416780353
    ],
    "42": [
        12.272530341959461,
        0.3146006638391086,
        20.912117055366803,
        89.28486188713146
    ],
    "43": [
        12.016639122811451,
        0.3704106175296379,
        13.41468297509207,
        107.14260314214187
    ],
    "44": [
        11.565263509075947,
        0.4289309943088019,
        5.313288413385409,
        125.00000000606568
    ],
    "45": [
        11.429409675532,
        0.48237620756102323,
        -25.67167277963744,
        125.0000000101941
    ],
    "46": [
        11.279574403153307,
        0.5503243048930485,
        -55.07083431328343,
        125.00000001497514
    ],
    "47": [
        11.358000847905743,
        0.6337262954596888,
        -80.5835783355238,
        125.0000000206606
    ],
    "48": [
        11.269946615746443,
        0.7235849945480348,
        -106.20390086045992,
        125.0000000267385
    ],
    "49": [
        10.95563179103185,
        0.827156396195658,
        -134.72993478926918,
        124.99999994815435
    ],
    "50": [
        10.702693134403177,
        0.9217025764229007,
        -157.73674922872115,
        125.00000003969494
    ],
    "51": [
        10.259344140210834,
        1.0312988201824207,
        -183.94032220307207,
        125.00000004651243
    ],
    "52": [
        10.079211257579358,
        1.1226849106066623,
        -202.12421394608907,
        125.00000005349482
    ],
    "53": [
        11.200036141728667,
        1.5834517570781104,
        -273.60472947076033,
        80.3624670984843
    ],
    "54": [
        13.396729695945483,
        2.7235837903469924,
        -380.1035117397262,
        1.2499999999999998
    ],
    "55": [
        13.157204005820809,
        2.8563208465197514,
        -394.7293859260425,
        1.25
    ],
    "56": [
        13.422314277325253,
        2.9036278605172705,
        -396.45799494637134,
        1.25
    ],
    "57": [
        13.840372694796073,
        2.949225554635272,
        -396.4994888562286,
        1.25
    ],
    "58": [
        13.823942571958277,
        2.9997318265799717,
        -401.19016794636997,
        1.25
    ],
    "59": [
        14.050144839766046,
        2.9918529689448907,
        -398.2732558927762,
        1.25
    ],
    "60": [
        14.707709268683159,
        2.9022477694538407,
        -383.69355640648524,
        1.2499999999999993
    ],
    "61": [
        15.127559121102788,
        2.8421149892244513,
        -373.9884831078492,
        1.2499999999999998
    ],
    "62": [
        15.814153709263126,
        2.7267006487112733,
        -356.2631717015624,
        1.25
    ],