{
    "1": [
        135.0159597637487,
        9.70686320826802,
        687.981632232939,
        -824.9999987875345
    ],
    "2": [
        135.44983869179543,
        10.255929208312782,
        695.3327304360063,
        -825.0005885451519
    ],
    "3": [
        123.16644491718408,
        11.394409484286687,
        995.5144900045773,
        -528.7199986036221
    ],
    "4": [
        120.86118215639954,
        11.872810340921404,
        1167.1489309838475,
        -402.42499916054317
    ],
    "5": [
        126.9997883070342,
        16.255627883288646,
        1481.7810576085596,
        -269.4999999456819
    ],
    "6": [
        119.25476285295584,
        14.835968087521573,
        1364.0065016742853,
        -269.4999701936523
    ],
    "7": [
        108.69621494298353,
        17.15876323220446,
        1622.9546611452242,
        -15.600070632140845
    ],
    "8": [
        109.90928432703849,
        17.567491669800084,
        1680.4553003635694,
        8.249999780811013
    ],
    "9": [
        102.8409930663371,
        16.208374763244265,
        1572.6991104768415,
        8.249568110099688
    ],
    "10": [
        99.08553745547157,
        15.434592012211116,
        1515.6324540577423,
        8.24999989317264
    ],
    "11": [
        97.49888549425924,
        15.348179385858243,
        1491.6829539883647,
        8.249598396742103
    ],
    "12": [
        98.30437770167792,
        15.361050342917316,
        1503.8719344241501,
        8.249999995381668
    ],
    "13": [
        97.19716726618282,
        15.511912602703626,
        1487.6109893480204,
        8.249999999898957
    ],
    "14": [
        98.27692555529265,
        15.354570736939637,
        1503.4521534247988,
        8.249999995382227
    ],
    "15": [
        99.08553745547157,
        15.434592012211116,
        1515.6324540577423,
        8.24999989317264
    ],
    "16": [
        97.19716726618282,
        15.511912602703626,
        1487.6109893480204,
        8.249999999898957
    ],
    "17": [
        93.65983178223077,
        14.712076696811243,
        1433.5772896443534,
        8.249999999726981
    ],
    "18": [
        89.43487425447555,
        14.978987315609837,
        1441.5353442650537,
        51.642839981593596
    ],
    "19": [
        87.09367777472951,
        15.12748007246103,
        1446.6923273954726,
        76.14723833065723
    ],
    "20": [
        84.36983266420002,
        15.920816152417402,
        1474.3412817398641,
        117.35687141761194
    ],
    "21": [
        84.05348114746275,
        15.45008043717764,
        1434.6182137666385,
        96.28562141826366
    ],
    "22": [
        83.8911657218901,
        15.535507620102766,
        1427.7149718203332,
        93.43939190574699
    ],
    "23": [
        84.53788749320528,
        11.776377980004353,
        1089.923737977976,
        -116.61243857094442
    ],
    "24": [
        81.4032495558891,
        11.788749805540522,
        1068.9345016669895,
        -100.78291414675321
    ],
    "25": [
        77.36048841160117,
        11.895092232007602,
        1127.4500299102929,
        -27.789128698144342
    ],
    "26": [
        75.30168712744359,
        11.821717398284033,
        1116.3953397174546,
        -15.630748858795174
    ],
    "27": [
        71.90128263444971,
        12.545163166516172,
        1163.0767058019314,
        43.57143542244983
    ],
    "28": [
        77.35636850761644,
        12.107025756200477,
        1134.090670751554,
        -23.876599999784986
    ],
    "29": [
        72.40023122618842,
        11.87980425129915,
        1108.788965641225,
        6.249966899924425
    ],
    "30": [
        75.14401057454418,
        12.394522851342181,
        1148.090506338416,
        4.7500010668494825
    ],
    "31": [
        71.84599360956504,
        12.01258978654122,
        1103.9088704639928,
        8.249724078593253
    ],
    "32": [
        66.6257449872931,
        11.088186730372158,
        1015.0481774646953,
        8.249999999400954
    ],
    "33": [
        58.886806246678965,
        11.166061959422526,
        1004.8406396283534,
        149.10713908175205
    ],
    "34": [
        64.52408968259688,
        9.010190916437518,
        681.1009978070839,
        10.610003595777371
    ],
    "35": [
        63.548147656003835,
        8.478044910188762,
        554.948801848178,
        72.92299541051274
    ],
    "36": [
        62.84707698842676,
        8.563940370756502,
        463.17612926745966,
        155.69305889697873
    ],
    "37": [
        66.50354819280052,
        8.978573258107916,
        139.0412882497203,
        56.28447154075344
    ],
    "38": [
        64.02960363344808,
        9.662750452710405,
        64.0017552380327,
        181.35970959473593
    ],
    "39": [
        57.25586580724449,
        10.528839872333297,
        57.36333795433323,
        383.2017004952354
    ],
    "40": [
        59.39371831028446,
        14.2906212003568,
        -83.08129466973338,
        411.3980578283564
    ],
    "41": [
        59.327106722979245,
        13.263095037312832,
        -261.4647163132374,
        448.9285719344431
    ],
    "42": [
        65.8255645860505,
        18.378407567511783,
        -633.4843624359783,
        284.45220319096654
    ],
    "43": [
        70.04247473413663,
        19.936733943516465,
        -904.9757835658364,
        212.8716566085543
    ],
    "44": [
        65.0492294449164,
        23.694041693287648,
        -910.9688885305362,
        379.3130810018234
    ],
    "45": [
        71.0555776823338,
        30.063280534949826,
        -1334.474560779395,
        176.70037048769527
    ],
    "46": [
        69.01857652777421,
        30.058439905703622,
        -1467.8282381891793,
        227.44789347158135
    ],
    "47": [
        65.44693426645321,
        34.74685266169973,
        -1423.9962670586979,
        393.84368362271954
    ],
    "48": [
        69.39347131753206,
        41.428946957874956,
        -1788.8785479688984,
        228.654096760519
    ],
    "49": [
        63.773427260299684,
        43.97184226712219,
        -1802.1548081254564,
        369.5718463965608
    ],
    "50": [
        68.5974168863211,
        51.007963372619024,
        -2182.767955587182,
        164.16064489024123
    ],
    "51": [
        68.7301805464959,
        60.576160290578365,
        -2378.7162911435503,
        113.7280334135707
    ],
    "52": [
        66.80853753581684,
        63.77741221303923,
        -2464.1471188893647,
        141.45393404321345
    ],
    "53": [
        55.79800487227075,
        56.23229951371765,
        -2110.873514688106,
        535.0336507970021
    ],
    "54": [
        60.09106017608679,
        61.050554148258925,
        -2361.493438444622,
        388.9183675103982
    ],
    "55": [
        59.692156192068666,
        65.52599159018075,
        -2496.1767647242687,
        352.4532438002542
    ],
    "56": [
        68.98063100929895,
        76.6506215325532,
        -2857.1895786235355,
        58.429402089273765
    ],
    "57": [
        61.979678881938824,
        65.31565166955578,
        -2459.9956600363616,
        404.2500693922059
    ],
    "58": [
        69.56861898634583,
        76.1887061746225,
        -2832.8086646621578,
        114.08677838477224
    ],
    "59": [
        67.18897242003862,
        70.02498967931147,
        -2652.3595520494837,
        254.2501304032661
    ],
    "60": [
        83.55086029448337,
        92.04740605228194,
        -3182.078931978708,
        -262.9469137650159
    ],
    "61": [
        71.43869600271317,
        65.22144839717254,
        -2519.5191325360756,
        268.55940124405487
    ],
    "62": [
        73.32552633718963,
        64.88681366720692,
        -2415.773720328376,
        285.1988337609398
    ],